[
  {
    "name": "Accounts",
    "value": "Accounts",
    "description": "Accounts privileges",
    "privileges": [
      {
        "name": "View All",
        "value": "View_All",
        "description": "Access to view all accounts"
      },
      {
        "name": "View My Account",
        "value": "View_Associated",
        "description": "Access to view a specific account"
      },
      {
        "name": "Create",
        "value": "Create",
        "description": "Access to create a new account"
      },
      {
        "name": "Edit My Account",
        "value": "Edit",
        "description": "Access to edit an account"
      },
      {
        "name": "Delete My Account",
        "value": "Delete",
        "description": "Access to delete an account"
      }
    ]
  },
  {
    "name": "Projects",
    "value": "Projects",
    "description": "Projects privileges",
    "privileges": [
      {
        "name": "View All",
        "value": "View_All",
        "description": "Access to view all projects"
      },
      {
        "name": "View My Project",
        "value": "View_Associated",
        "description": "Access to view a specific Projects"
      },
      {
        "name": "Create",
        "value": "Create",
        "description": "Access to create a new Projects"
      },
      {
        "name": "Edit My Project",
        "value": "Edit",
        "description": "Access to edit an Projects"
      },
      {
        "name": "Delete My Project",
        "value": "Delete",
        "description": "Access to delete an Projects"
      }
    ]
  },
  {
    "name": "Project Assessments",
    "value": "Assessments",
    "description": "Assessments privileges",
    "privileges": [
      {
        "name": "View All Assessments",
        "value": "View_All",
        "description": "Access to view all Assessments"
      },
      {
        "name": "View My Assessments",
        "value": "View_Associated",
        "description": "Access to view a specific Assessments"
      },
      {
        "name": "Submit My Assessments",
        "value": "Submit",
        "description": "Access to Submit My Assessments"
      },
      {
        "name": "Review My Account Assessments",
        "value": "Review",
        "description": "Access to Review My Account Assessments"
      }
    ]
  },
  {
    "name": "Project Artifacts",
    "value": "Artifacts",
    "description": "Artifacts privileges",
    "privileges": [
      {
        "name": "View All",
        "value": "View_All",
        "description": "Access to view all Artifacts"
      },
      {
        "name": "View My Artifacts",
        "value": "View_Associated",
        "description": "Access to view a specific Artifacts"
      },
      {
        "name": "Create",
        "value": "Create",
        "description": "Access to create a new Artifacts"
      },
           {
        "name": "Delete My Artifacts",
        "value": "Delete",
        "description": "Access to delete an Artifacts"
      }
    ]
  },
  {
    "name": "Project Team Members",
    "value": "Team Members",
    "description": "Team Members privileges",
    "privileges": [
      {
        "name": "View All",
        "value": "View_All",
        "description": "Access to Access to view all Team Members"
      },
      {
        "name": "View My Team Members",
        "value": "View_Associated",
        "description": "Access to view a specific Team Members"
      },
      {
        "name": "Add My Team Members",
        "value": "Add",
        "description": "Access to Add an My Team Members"
      },
      {
        "name": "Edit Team Members",
        "value": "Edit",
        "description": "Access to edit an Team Members"
      },
      {
        "name": "Remove My Team Members",
        "value": "Remove",
        "description": "Access to Remove an Team Members"
      }
    ]
  },
  {
    "name": "Delivery Impact",
    "value": "Delivery Impact",
    "description": "Delivery Impact privileges",
    "privileges": [
      {
        "name": "View All Delivery Impact",
        "value": "View_All",
        "description": "Access to view all Delivery Impact"
      },
      {
        "name": "View My Delivery Impact",
        "value": "View_Associated",
        "description": "Access to view a specific Delivery Impact"
      },
      {
        "name": "Edit Delivery Impact",
        "value": "Edit",
        "description": "Access to edit an Delivery Impact"
      }
    ]
  },
  {
    "name": "Role Permissions",
    "value": "Role Permissions",
    "description": "Role Permissions privileges",
    "privileges": [
      {
        "name": "View",
        "value": "View",
        "description": "Access to view a Role Permissions"
      },
      {
        "name": "Create",
        "value": "Create",
        "description": "Access to create a new Role Permissions"
      },
      {
        "name": "Edit",
        "value": "Edit",
        "description": "Access to edit an Role Permissions"
      },
      {
        "name": "Delete",
        "value": "Delete",
        "description": "Access to delete an Role Permissions"
      }
    ]
  },
  {
    "name": "User Roles",
    "value": "User Roles",
    "description": "User Roles privileges",
    "privileges": [
      {
        "name": "View",
        "value": "View",
        "description": "Access to view a User Roles"
      },
      {
        "name": "Create",
        "value": "Create",
        "description": "Access to create a new User Roles"
      },
      {
        "name": "Edit",
        "value": "Edit",
        "description": "Access to edit an User Roles"
      },
      {
        "name": "Delete",
        "value": "Delete",
        "description": "Access to delete an User Roles"
      }
    ]
  },
  {
    "name": "Assessment Templates",
    "value": "Assessment Templates",
    "description": "Assessment Templates privileges",
    "privileges": [
      {
        "name": "View",
        "value": "View",
        "description": "Access to view a Assessment Templates"
      },
      {
        "name": "Create",
        "value": "Create",
        "description": "Access to create a new Assessment Templates"
      },
      {
        "name": "Edit",
        "value": "Edit",
        "description": "Access to edit an Assessment Templates"
      },
      {
        "name": "Delete",
        "value": "Delete",
        "description": "Access to delete an Assessment Templates"
      }
    ]
  },
  {
    "name": "User Profiles",
    "value": "User Profiles",
    "description": "User Profiles privileges",
    "privileges": [
      {
        "name": "View",
        "value": "View",
        "description": "Access to view a User Profiles"
      }
    ]
  },
  {
    "name": "Dashboard",
    "value": "Dashboard",
    "description": "Dashboard privileges",
    "privileges": [
      {
        "name": "View",
        "value": "View",
        "description": "Access to view a Dashboard"
      }
    ]
  }
]