[
  {
    "id": 1,
    "name": "Super Admin",
    "description": "This role has full access to all the features in the application.",
    "group": [
      "SUPER_ADMIN"
    ],
    "hierarchy": 1
  },
  {
    "id": 2,
    "name": "Account Admin",
    "description": "This role has full access to manage accounts and projects the user is associated. It also has read access to accounts and projects created by other Account Admins. It is given to delivery heads.",
    "group": [
      "DH"
    ],
    "hierarchy": 2
  },
  {
    "id": 3,
    "name": "Project Admin",
    "description": "This role has full access to manage projects the user is associated. It also has read access to accounts. It is given to delivery partners.",
    "group": [
      "DP"
    ],
    "hierarchy": 3
  },
  {
    "id": 4,
    "name": "Delivery Owner",
    "description": "This role has full access to work on project level features like Artifacts, Assessments, Delivery Impact and Team members in the project the user is associated. It is given to Delivery Managers.",
    "group": [
      "DM"
    ],
    "hierarchy": 4
  },
  {
    "id": 7,
    "name": "Acting Delivery Owner",
    "description": "This role has full access to work on project level features like Artifacts, Assessments, Delivery Impact and Team members in the project the user is associated. It is given to Acting Delivery Managers.",
    "group": [
      "ADM"
    ],
    "hierarchy": 5
  },
  {
    "id": 5,
    "name": "Organization Leader",
    "description": "This role has read access to all the features except Admin. It is given to account partners, engagement partners and leaders in the organization.",
    "group": [
      "AP",
      "EP",
      "ORGANIZATION_LEADER"
    ],
    "hierarchy": 6
  },
  {
    "id": 6,
    "name": "Team Member",
    "description": "This role has read access to all the assessments. It also has access to view the project information, the user is associated. It is given to members in the project.",
    "group": [
      "TEAM_MEMBER"
    ],
    "hierarchy": 7
  }
]