[
  {
    "key": "enableExternalEmails",
    "value": "true"
  },
  {
    "key": "enableCreateAssessmentsJob",
    "value": "true"
  },
  {
    "key": "enableFailedProjectsJob",
    "value": "true"
  },
  {
    "key": "enableRemainderMailsJob",
    "value": "true"
  },
  {
    "key": "internalEmails",
    "value": "vissan@maveric-systems.com,sarav@maveric-systems.com"
  },
  {
    "key": "supportTeam",
    "value": "vissan@maveric-systems.com,dedsupport@maveric-systems.com"
  }
]